<?xml version="1.0" encoding="UTF-8"?>
<project-private xmlns="http://www.netbeans.org/ns/project-private/1">
    <editor-bookmarks xmlns="http://www.netbeans.org/ns/editor-bookmarks/2" lastBookmarkId="0"/>
    <open-files xmlns="http://www.netbeans.org/ns/projectui-open-files/2">
        <group>
            <file>file:/D:/MATERI%20PERKULIAHAN/SEMESTER%204/OOP/PelangganApp/src/pelanggan/koneksi.java</file>
            <file>file:/D:/MATERI%20PERKULIAHAN/SEMESTER%204/OOP/PelangganApp/src/pelanggan/jForm1.java</file>
        </group>
    </open-files>
</project-private>
